{"stat.useItem.152":2,"stat.useItem.154":1,"stat.walkOneCm":160506,"stat.useItem.autogen.thaumicinsurgence:infusionIntercepter":2,"stat.killEntity.EntityHorse":1,"stat.useItem.356":1,"stat.useItem.autogen.appliedenergistics2:tile.BlockIOPort":3,"stat.useItem.autogen.Automagy:crystalEye":1,"stat.useItem.autogen.Avaritia:Infinity_Sword":7,"stat.useItem.autogen.appliedenergistics2:tile.BlockSingularityCraftingStorage":4,"stat.useItem.autogen.OpenComputers:item":4,"stat.leaveGame":1,"stat.useItem.autogen.gadomancy:BlockInfusionClaw":4,"stat.useItem.autogen.appliedenergistics2:tile.BlockController":6,"stat.useItem.autogen.thaumicenergistics:thaumicenergistics.block.distillation.encoder":3,"stat.useItem.autogen.OpenComputers:case3":3,"stat.useItem.autogen.betterbuilderswands:wandUnbreakable":2,"stat.useItem.autogen.ae2stuff:WirelessKit":8,"stat.useItem.autogen.appliedenergistics2:tile.BlockCreativeEnergyCell":3,"stat.useItem.autogen.OpenComputers:redstone":2,"stat.jump":166,"stat.useItem.autogen.gadomancy:ItemCreativeNode":1,"stat.useItem.autogen.ThaumicTinkerer:interface":7,"wand":3,"stat.useItem.autogen.Automagy:blockRemoteComparator":1,"achievement.exploreAllBiomes":{"value":0,"progress":["Plains"]},"stat.useItem.35":1,"stat.useItem.autogen.alchgrate:alchgrate":1,"stat.useItem.autogen.appliedenergistics2:tile.BlockDrive":2,"stat.useItem.autogen.Thaumcraft:blockStoneDevice":36,"stat.useItem.44":87,"achievement.openInventory":198,"stat.useItem.autogen.ThaumicTinkerer:connector":25,"stat.useItem.autogen.thaumicenergistics:thaumicenergistics.block.essentia.provider":3,"stat.useItem.autogen.thaumicbases:crystalBlock":174,"stat.useItem.autogen.OpenComputers:cable":7,"stat.useItem.autogen.appliedenergistics2:item.ItemMultiPart":145,"stat.useItem.autogen.ae2stuff:Wireless":11,"stat.mobKills":7,"stat.useItem.autogen.Thaumcraft:blockCosmeticSolid":12,"stat.flyOneCm":464928,"stat.useItem.7":2,"stat.useItem.autogen.OpenComputers:screen3":7,"stat.playOneMinute":91610,"stat.useItem.autogen.ForbiddenMagic:TaintShovel":1,"stat.useItem.autogen.appliedenergistics2:tile.BlockAdvancedCraftingUnit":4,"stat.useItem.autogen.gregtech:gt.blockframes":9,"stat.useItem.autogen.appliedenergistics2:tile.BlockCellWorkbench":4,"stat.useItem.3":69,"stat.useItem.autogen.Thaumcraft:blockMetalDevice":25,"stat.damageDealt":190,"stat.useItem.autogen.appliedenergistics2:tile.BlockInterface":5,"stat.useItem.autogen.OpenComputers:adapter":3,"stat.killEntity.Cow":4,"stat.useItem.autogen.gregtech:gt.blockmachines":16,"stat.useItem.autogen.thaumicenergistics:thaumicenergistics.block.essentia.cell.workbench":1,"stat.useItem.autogen.OpenComputers:keyboard":1,"stat.useItem.autogen.OpenComputers:transposer":1,"stat.killEntity.Pig":1,"achievement.ae2.Networking1":4}